product_id,product_name,category
PROD1001,The,Clothing
PROD1002,Actually,Clothing
PROD1003,Read,Clothing
PROD1004,Election,Toys
PROD1005,Somebody,Electronics
PROD1006,Security,Clothing
PROD1007,Performance,Toys
PROD1008,Also,Toys
PROD1009,Industry,Electronics
PROD1010,Return,Home
PROD1011,Safe,Toys
PROD1012,That,Home
PROD1013,Join,Toys
PROD1014,Outside,Home
PROD1015,Set,Home
PROD1016,Loss,Home
PROD1017,Around,Toys
PROD1018,Natural,Electronics
PROD1019,System,Clothing
PROD1020,Political,Home
PROD1021,Another,Home
PROD1022,Pull,Electronics
PROD1023,Allow,Home
PROD1024,Exist,Home
PROD1025,Rock,Clothing
PROD1026,Reason,Home
PROD1027,Everybody,Electronics
PROD1028,Evidence,Electronics
PROD1029,Table,Electronics
PROD1030,Hard,Electronics
PROD1031,Land,Toys
PROD1032,Focus,Clothing
PROD1033,Appear,Clothing
PROD1034,Leader,Clothing
PROD1035,Talk,Home
PROD1036,Store,Clothing
PROD1037,No,Home
PROD1038,Apply,Toys
PROD1039,Music,Clothing
PROD1040,Important,Clothing
PROD1041,Improve,Home
PROD1042,Pick,Home
PROD1043,From,Clothing
PROD1044,Result,Home
PROD1045,News,Home
PROD1046,Serious,Clothing
PROD1047,Less,Home
PROD1048,Order,Electronics
PROD1049,Cut,Electronics
PROD1050,Growth,Home
PROD1051,Choice,Home
PROD1052,Fast,Home
PROD1053,Buy,Electronics
PROD1054,Her,Toys
PROD1055,Raise,Toys
PROD1056,Free,Toys
PROD1057,Memory,Clothing
PROD1058,Employee,Clothing
PROD1059,General,Toys
PROD1060,Your,Home
PROD1061,Agency,Toys
PROD1062,Behavior,Electronics
PROD1063,Business,Clothing
PROD1064,Energy,Toys
PROD1065,Bar,Electronics
PROD1066,Little,Electronics
PROD1067,Yes,Toys
PROD1068,Quickly,Electronics
PROD1069,Defense,Home
PROD1070,Hundred,Clothing
PROD1071,Avoid,Electronics
PROD1072,Reality,Electronics
PROD1073,Red,Toys
PROD1074,Environmental,Electronics
PROD1075,Source,Clothing
PROD1076,Friend,Home
PROD1077,Fine,Clothing
PROD1078,Politics,Electronics
PROD1079,Real,Electronics
PROD1080,Foreign,Electronics
PROD1081,Interesting,Electronics
PROD1082,Question,Toys
PROD1083,Suddenly,Home
PROD1084,Price,Home
PROD1085,Sense,Toys
PROD1086,Beat,Electronics
PROD1087,Arm,Electronics
PROD1088,Food,Home
PROD1089,Network,Electronics
PROD1090,Present,Clothing
PROD1091,Off,Electronics
PROD1092,Majority,Clothing
PROD1093,City,Toys
PROD1094,Seven,Home
PROD1095,Discover,Home
PROD1096,Great,Electronics
PROD1097,Parent,Toys
PROD1098,Make,Clothing
PROD1099,Entire,Toys
PROD1100,Product,Electronics
